{"cameraMode":{"drawMode":0,"name":"Shaded","section":"Shading Mode"},"sceneLighting":false,"audioPlay":false,"sceneViewState":{"showFog":true,"showMaterialUpdate":true,"showSkybox":true,"showFlares":true,"showImageEffects":true,"showParticleSystems":true},"in2DMode":false,"pivot":{"x":-3.0922107696533205,"y":1.338624119758606,"z":-6.924613952636719},"rotation":{"x":0.007010571658611298,"y":-0.7416092753410339,"z":-0.007814735174179078,"w":-0.670798659324646},"size":0.46713149547576907,"orthographic":false}