{"cameraMode":{"drawMode":0,"name":"Shaded","section":"Shading Mode"},"sceneLighting":false,"audioPlay":false,"sceneViewState":{"showFog":true,"showMaterialUpdate":true,"showSkybox":true,"showFlares":true,"showImageEffects":true,"showParticleSystems":true},"in2DMode":false,"pivot":{"x":-3.117626190185547,"y":1.6016441583633423,"z":-6.98377799987793},"rotation":{"x":-0.14874225854873658,"y":-0.8509319424629211,"z":0.3708263039588928,"w":-0.34112873673439028},"size":0.4644663333892822,"orthographic":false}