{"cameraMode":{"drawMode":0,"name":"Shaded","section":"Shading Mode"},"sceneLighting":false,"audioPlay":false,"sceneViewState":{"showFog":true,"showMaterialUpdate":true,"showSkybox":true,"showFlares":true,"showImageEffects":true,"showParticleSystems":true},"in2DMode":false,"pivot":{"x":-2.6110305786132814,"y":14.85665512084961,"z":-6.868417263031006},"rotation":{"x":-0.47683119773864748,"y":-0.5188115239143372,"z":0.5465986728668213,"w":-0.45253220200538638},"size":10.64477252960205,"orthographic":false}